<?xml version="1.0" encoding="UTF-8"?>
<project-private xmlns="http://www.netbeans.org/ns/project-private/1">
    <editor-bookmarks xmlns="http://www.netbeans.org/ns/editor-bookmarks/2" lastBookmarkId="0"/>
    <open-files xmlns="http://www.netbeans.org/ns/projectui-open-files/2">
        <group>
            <file>file:/C:/Users/HP/Documents/Tecnología%20en%20Desarrollo%20de%20Software/POO/tarea3/src/tarea3/Persona.java</file>
            <file>file:/C:/Users/HP/Documents/Tecnología%20en%20Desarrollo%20de%20Software/POO/tarea3/src/tarea3/Profesor.java</file>
            <file>file:/C:/Users/HP/Documents/Tecnología%20en%20Desarrollo%20de%20Software/POO/tarea3/src/tarea3/Main.java</file>
        </group>
    </open-files>
</project-private>
